id,title,date,thumbnail,views,likes,dislikes,comments
xYF6W6KMyXA,Inside an Apollo Lunar Lander Tiny House | Unique Spaces | Architectural Digest,2020-04-07T16:02:11.000Z,https://i.ytimg.com/vi/xYF6W6KMyXA/default.jpg,57733,2425,56,138
hGkVxIyKnEA,"Inside a $40.5M Estate With a ""Batcave"" Garage | On The Market | Architectural Digest",2020-03-27T16:00:02.000Z,https://i.ytimg.com/vi/hGkVxIyKnEA/default.jpg,4823602,85741,3501,8498
KXT2O92Ywfg,Inside a Musician's House With a Huge Built-In Amp | Unique Spaces | Architectural Digest,2020-03-25T16:00:03.000Z,https://i.ytimg.com/vi/KXT2O92Ywfg/default.jpg,192712,4328,121,286
rHyIOIstYRA,Inside Dita Von Teese's Taxidermy-Filled Home | Open Door | Architectural Digest,2020-03-23T16:00:02.000Z,https://i.ytimg.com/vi/rHyIOIstYRA/default.jpg,1432065,52472,2045,3905
pJesOpxgA3s,Inside a $54M Mansion With a Private Indoor Ice Rink | On The Market | Architectural Digest,2020-03-20T16:00:01.000Z,https://i.ytimg.com/vi/pJesOpxgA3s/default.jpg,596922,9835,560,952
AwhBTrzzqeg,Inside Dakota Johnson's Serene Hollywood Home | Open Door | Architectural Digest,2020-03-11T16:00:01.000Z,https://i.ytimg.com/vi/AwhBTrzzqeg/default.jpg,7391793,203770,3539,7445
yeYCw3KCzSk,Inside a $55M Mansion With a Helicopter Hangar | On The Market | Architectural Digest,2020-02-28T17:00:06.000Z,https://i.ytimg.com/vi/yeYCw3KCzSk/default.jpg,622005,9651,417,1107
oBWFOnN3uBM,Inside a $50M Bel Air Mansion With a Vintage Bowling Alley | On The Market | Architectural Digest,2020-02-26T17:00:03.000Z,https://i.ytimg.com/vi/oBWFOnN3uBM/default.jpg,476660,10406,464,1003
vDD1lhHkGxk,Inside Jesse Tyler Ferguson's Elegant NYC Apartment | Open Door | Architectural Digest,2020-02-18T17:00:01.000Z,https://i.ytimg.com/vi/vDD1lhHkGxk/default.jpg,766966,12819,490,790
xmYsP_N8BIo,Inside A Grain Silo Transformed Into An Urban Oasis | Unique Spaces | Architectural Digest,2020-02-14T17:00:02.000Z,https://i.ytimg.com/vi/xmYsP_N8BIo/default.jpg,315285,7900,108,231
D-qQneOnJl0,Inside Aaron Paul’s Rustic Riverside Home In Idaho | Open Door | Architectural Digest,2020-02-11T20:00:05.000Z,https://i.ytimg.com/vi/D-qQneOnJl0/default.jpg,7818165,139329,2218,12211
LJaicOI7mwg,"Kim and Kanye Quiz Each Other On Home Design, Family, and Life | Architectural Digest",2020-02-03T13:00:01.000Z,https://i.ytimg.com/vi/LJaicOI7mwg/default.jpg,6846819,198545,5958,10710
0deGHRj8CR8,Inside a $6M Mansion With A Mountain In The Backyard | On The Market | Architectural Digest,2020-01-31T17:10:00.000Z,https://i.ytimg.com/vi/0deGHRj8CR8/default.jpg,458199,7661,318,841
uONJXXw1kyo,Inside a $23M Hollywood Mansion with a Built-In Shark Tank | On the Market | Architectural Digest,2020-01-28T17:00:08.000Z,https://i.ytimg.com/vi/uONJXXw1kyo/default.jpg,528030,8628,776,805
ieM3GuymwUE,Inside Shay Mitchell's Mediterranean-Inspired Home | Open Door | Architectural Digest,2020-01-27T17:00:01.000Z,https://i.ytimg.com/vi/ieM3GuymwUE/default.jpg,5518119,120210,1427,3859
2oyNCm_OoSM,Queer Eye's Bobby Berk Reviews Every Renovation From The Show | Architectural Digest,2020-01-23T17:00:08.000Z,https://i.ytimg.com/vi/2oyNCm_OoSM/default.jpg,188610,3986,105,143
sQTGkLW6fwg,On Riverdale's Set With Madelaine Petsch | Open Door | Architectural Digest,2020-01-22T17:00:06.000Z,https://i.ytimg.com/vi/sQTGkLW6fwg/default.jpg,1731325,58804,513,862
YQC7OtyHhxU,Inside Tan France’s Handsomely Designed Home | Open Door | Architectural Digest,2019-12-30T17:00:02.000Z,https://i.ytimg.com/vi/YQC7OtyHhxU/default.jpg,2259048,49693,1189,2157
jMPF1amMB2M,Inside a $38M Beverly Hills Mansion With a 150M Year-Old Dinosaur Fossil | On The Market,2019-12-26T17:00:03.000Z,https://i.ytimg.com/vi/jMPF1amMB2M/default.jpg,6342383,94558,2997,11946
hJaXjItxL6w,Inside Nyjah Huston's Laguna Beach Mansion and Private Skatepark | Open Door | Architectural Digest,2019-12-23T17:00:12.000Z,https://i.ytimg.com/vi/hJaXjItxL6w/default.jpg,3730867,55713,1493,2544
-V3DHyTG9uU,Inside a $30M Park Avenue Penthouse With A Rooftop Pool | On The Market | Architectural Digest,2019-12-18T17:00:07.000Z,https://i.ytimg.com/vi/-V3DHyTG9uU/default.jpg,694669,9479,514,833
yKn3Ur6_w3c,Inside Chelsea Handler's Lively Home With An Outdoor Pizza Oven | Open Door,2019-12-16T17:00:10.000Z,https://i.ytimg.com/vi/yKn3Ur6_w3c/default.jpg,2079792,31056,1482,2535
BDA6rPA0Fcs,Inside Neil Patrick Harris's Captivating Brownstone Home | Open Door,2019-12-11T17:00:05.000Z,https://i.ytimg.com/vi/BDA6rPA0Fcs/default.jpg,1902150,28350,1174,1566
COddpjZ0W-s,Inside a $9.5M Hudson River Home With A Lofted Playhouse | On The Market,2019-12-10T17:00:03.000Z,https://i.ytimg.com/vi/COddpjZ0W-s/default.jpg,353664,4403,938,785
28gPDPby3Po,Inside a Sand Dune Converted Into an Oceanfront Home | Unique Spaces | Architectural Digest,2019-11-27T17:00:05.000Z,https://i.ytimg.com/vi/28gPDPby3Po/default.jpg,379225,6452,197,364
3aZT951ATYQ,Inside a $25M TriBeCa Penthouse With 360° Views | On The Market | Architectural Digest,2019-11-26T17:25:06.000Z,https://i.ytimg.com/vi/3aZT951ATYQ/default.jpg,678970,11562,306,993
jwfI8BlFwMw,Inside 'Try Guys' Ned Fulmer's Custom California Home | Open Door | Architectural Digest,2019-11-22T17:01:11.000Z,https://i.ytimg.com/vi/jwfI8BlFwMw/default.jpg,2821143,83356,1224,3373
iG8Rc83iSy4,Inside a $35M Hollywood Mansion With a 2 Level Glass-Bottomed Pool | On The Market,2019-11-21T17:36:59.000Z,https://i.ytimg.com/vi/iG8Rc83iSy4/default.jpg,2780108,46267,1679,3313
Atfcn2yCVsA,Architects Cut Through Roof To Convert Carriage House Into Sunbathed Home,2019-11-20T17:00:13.000Z,https://i.ytimg.com/vi/Atfcn2yCVsA/default.jpg,329635,8582,134,202
O-b3eAo0Yv4,Designer Details The Conversion of a West Village Apartment With a Floating Mezzanine,2019-11-19T18:00:02.000Z,https://i.ytimg.com/vi/O-b3eAo0Yv4/default.jpg,363276,8843,196,297
dS3njIz_Qzs,Inside David Harbour’s Custom-Renovated New York Loft | Open Door | Architectural Digest,2019-11-14T17:00:13.000Z,https://i.ytimg.com/vi/dS3njIz_Qzs/default.jpg,3523966,86230,1374,4805
VKXGKZl66Fo,Inside a $18.5M Miami Beach Party House | On The Market,2019-11-13T17:00:07.000Z,https://i.ytimg.com/vi/VKXGKZl66Fo/default.jpg,587813,8822,354,544
zgacuXdzCmw,Inside Tyler Perry’s 300-Acre Studio Compound in Atlanta | Open Door | Architectural Digest,2019-11-07T17:00:05.000Z,https://i.ytimg.com/vi/zgacuXdzCmw/default.jpg,3934348,107065,1509,8002
k58GhBzPJz4,Inside a $5.5M Floating Mansion in Miami | On The Market | Architectural Digest,2019-11-04T17:00:09.000Z,https://i.ytimg.com/vi/k58GhBzPJz4/default.jpg,4363064,60649,1567,5333
VxvfhuxOE1I,Inside Sheryl Crow's Country Home With A Recording Studio in a Barn | Open Door,2019-10-28T16:05:42.000Z,https://i.ytimg.com/vi/VxvfhuxOE1I/default.jpg,961647,9887,530,1137
7pEeYUdlq6U,Inside a $11.95M 70-Acre Estate With Its Own Greek Amphitheater | On the Market,2019-10-24T16:00:01.000Z,https://i.ytimg.com/vi/7pEeYUdlq6U/default.jpg,877256,16203,423,964
gH1HEihmgL4,Amateurs & Experts Guess How Much an LA Mansion On Sunset Blvd Costs | Architectural Digest,2019-10-18T16:00:06.000Z,https://i.ytimg.com/vi/gH1HEihmgL4/default.jpg,137496,2225,104,174
uZDNGVmHxn4,Inside NBA Star JJ Redick's Brooklyn Warehouse Apartment | Open Door | Architectural Digest,2019-10-16T16:00:13.000Z,https://i.ytimg.com/vi/uZDNGVmHxn4/default.jpg,2665451,38935,1310,2588
FvNpU_9yiVg,Inside an $18.5M Las Vegas Estate with a 21 Foot Waterfall | On the Market | Architectural Digest,2019-10-14T16:00:02.000Z,https://i.ytimg.com/vi/FvNpU_9yiVg/default.jpg,607535,9817,391,832
FIDsKWis3jo,Inside Nicole Scherzinger's LA House with a Cozy Home Theater | Open Door | Architectural Digest,2019-10-11T19:05:27.000Z,https://i.ytimg.com/vi/FIDsKWis3jo/default.jpg,9726726,146631,3502,8640
u0N3dhH9yik,Inside a $9.75M NYC Townhouse with a Prohibition Era Tunnel | On the Market | Architectural Digest,2019-10-09T16:07:28.000Z,https://i.ytimg.com/vi/u0N3dhH9yik/default.jpg,317960,4444,518,765
nQEOK8I-Czc,Inside a $195 Million Bel Air Estate With Secret Tunnels | On the Market | Architectural Digest,2019-10-04T19:30:02.000Z,https://i.ytimg.com/vi/nQEOK8I-Czc/default.jpg,8040351,95768,3693,14429
QMCR45FyfzU,Inside Nikolaj Coster-Waldau's Hidden Los Angeles Home | Open Door | Architectural Digest,2019-10-01T17:00:00.000Z,https://i.ytimg.com/vi/QMCR45FyfzU/default.jpg,2793220,48062,710,3425
l0Lux9vW8ZM,Inside a $6M Las Vegas Home with a Floating Patio | On the Market | Architectural Digest,2019-09-27T16:00:03.000Z,https://i.ytimg.com/vi/l0Lux9vW8ZM/default.jpg,2726881,40049,815,2623
SjEQw1v36TM,Amateurs & Experts Guess How Much an LA House with an Ocean View Costs | Architectural Digest,2019-09-26T16:00:11.000Z,https://i.ytimg.com/vi/SjEQw1v36TM/default.jpg,204932,3826,163,319
40C3C46QLfM,Living in a Water Tower Converted into 3 Story Luxury Home | Unique Spaces | Architectural Digest,2019-09-25T16:00:08.000Z,https://i.ytimg.com/vi/40C3C46QLfM/default.jpg,1424720,22752,624,1175
_JZxFm4MXMI,Inside Scott Disick's Home with an Amazing Car Collection | Open Door | Architectural Digest,2019-09-24T16:00:08.000Z,https://i.ytimg.com/vi/_JZxFm4MXMI/default.jpg,8774487,118436,4854,8271
tbI7rCDTiQg,Inside Kourtney Kardashian's Kids' Playhouse | Open Door | Architectural Digest,2019-09-19T16:00:01.000Z,https://i.ytimg.com/vi/tbI7rCDTiQg/default.jpg,2731093,32984,3066,2515
4sGlzEAuf44,Inside a $22.5M NYC Apartment with an Indoor Wave Pool | On the Market | Architectural Digest,2019-09-18T16:00:05.000Z,https://i.ytimg.com/vi/4sGlzEAuf44/default.jpg,988339,15871,802,1375
7ETtE0rzgOs,Inside a $13M Island Mansion with a Helicopter Landing Pad | On the Market | Architectural Digest,2019-09-11T16:00:14.000Z,https://i.ytimg.com/vi/7ETtE0rzgOs/default.jpg,1322930,16557,1227,1945
cdzLakI1nYA,"Inside 16 Celebrity Bathrooms (Jessica Alba, David Dobrik & More) | Open Door | Architectural Digest",2019-09-09T16:00:05.000Z,https://i.ytimg.com/vi/cdzLakI1nYA/default.jpg,536219,8238,121,260
e4sNfERt41o,"Architect Breaks Down 6 Luxury Apartments from Billions, Gossip Girl & More | Architectural Digest",2019-09-05T16:00:08.000Z,https://i.ytimg.com/vi/e4sNfERt41o/default.jpg,828386,18638,226,483
fX2mth3ERR0,Inside a $75M Lake Tahoe Mansion with a Hillside Tram | On the Market | Architectural Digest,2019-09-04T16:00:13.000Z,https://i.ytimg.com/vi/fX2mth3ERR0/default.jpg,9195639,111579,4559,11113
7Z76MiQv0zg,Inside Liv Tyler's Gut-Renovated NYC Brownstone | Open Door | Architectural Digest,2019-08-27T16:00:06.000Z,https://i.ytimg.com/vi/7Z76MiQv0zg/default.jpg,4723922,81454,1546,6192
iRqKQi8AvWY,Inside a $29M NYC Townhouse with a $10K Toilet | On the Market | Architectural Digest,2019-08-22T16:00:05.000Z,https://i.ytimg.com/vi/iRqKQi8AvWY/default.jpg,416326,6013,384,630
FJoNWPzSF6w,Inside Margot Robbie's Los Angeles Office Space | Open Door | Architectural Digest,2019-08-09T16:00:02.000Z,https://i.ytimg.com/vi/FJoNWPzSF6w/default.jpg,1666640,24224,567,1016
8KYSiCbTLcY,Inside a $20M Hamptons Home with a Massive Finished Barn | On the Market | Architectural Digest,2019-08-06T16:00:03.000Z,https://i.ytimg.com/vi/8KYSiCbTLcY/default.jpg,1090420,13013,470,1081
jAth0IKzfTM,Inside Cara and Poppy Delevingne's Jungle-Themed Home | Open Door | Architectural Digest,2019-08-05T16:00:11.000Z,https://i.ytimg.com/vi/jAth0IKzfTM/default.jpg,5772106,107792,3608,4183
rHy7TOckuXs,Inside a $35M Malibu Home with 2 Private Beaches | On the Market | Architectural Digest,2019-07-25T16:25:01.000Z,https://i.ytimg.com/vi/rHy7TOckuXs/default.jpg,962931,13856,946,1694
JQCctBOgH9I,Amateurs & Experts Guess How Much a NYC Condo With a Private Terrace Costs | Architectural Digest,2019-07-22T16:00:01.000Z,https://i.ytimg.com/vi/JQCctBOgH9I/default.jpg,750817,12661,537,1210
68Ttf6NQxsY,"Architect Breaks Down 5 TV Houses from Mad Men, That '70s Show & More | Architectural Digest",2019-07-18T19:30:01.000Z,https://i.ytimg.com/vi/68Ttf6NQxsY/default.jpg,573946,16871,186,634
xtHsnip3UcY,Inside a $40M Hamptons Home with an Indoor Rock Climbing Wall | On the Market | Architectural Digest,2019-07-09T16:00:00.000Z,https://i.ytimg.com/vi/xtHsnip3UcY/default.jpg,6316387,71810,3744,9081
Pt_5Faa_J-U,Inside Maria Sharapova's House with a Basement Bowling Alley | Open Door | Architectural Digest,2019-06-27T12:00:33.000Z,https://i.ytimg.com/vi/Pt_5Faa_J-U/default.jpg,5336417,72211,2840,5654
0_BEwbnmRZ4,Inside Mark Ronson's Spanish-Style LA House | Open Door | Architectural Digest,2019-07-01T16:00:08.000Z,https://i.ytimg.com/vi/0_BEwbnmRZ4/default.jpg,1580450,30708,726,1856
VyEf4EBXe8o,Inside David Dobrik's $2.5M Los Angeles Home | Open Door | Architectural Digest,2019-06-24T14:00:37.000Z,https://i.ytimg.com/vi/VyEf4EBXe8o/default.jpg,18725240,479615,14741,19830
fiTLN-K2Xho,Inside an $85M NYC Penthouse That Comes With 2 Tickets to Space | On The Market,2019-06-21T18:32:40.000Z,https://i.ytimg.com/vi/fiTLN-K2Xho/default.jpg,1813688,25801,2941,2561
U9OMDu9okCI,Amateur to Real Estate Agent: Guessing How Much a Luxury NYC Condo Costs,2019-06-19T16:00:08.000Z,https://i.ytimg.com/vi/U9OMDu9okCI/default.jpg,661675,14298,402,1101
_Zr3ObadDnI,Inside John Stamos's $5.8M Beverly Hills House | Open Door | Architectural Digest,2019-06-12T14:46:59.000Z,https://i.ytimg.com/vi/_Zr3ObadDnI/default.jpg,6121035,68345,2138,4051
ZR4bfNJOSA4,Inside a $10M NYC Penthouse with a Tropical Garden | On the Market | Architectural Digest,2019-06-06T16:00:04.000Z,https://i.ytimg.com/vi/ZR4bfNJOSA4/default.jpg,1148396,25081,713,1426
t87mgS8HUKQ,Inside a Famous $23M Mayan-Revival Frank Lloyd Wright Mansion | On the Market | Architectural Digest,2019-05-30T16:30:02.000Z,https://i.ytimg.com/vi/t87mgS8HUKQ/default.jpg,1209098,16033,1000,2043
l2mtebeR3rA,Inside Jessica Alba's $10M Los Angeles Home | Open Door | Architectural Digest,2019-05-23T12:00:02.000Z,https://i.ytimg.com/vi/l2mtebeR3rA/default.jpg,25069636,294194,8742,16035
WbxcyzMmzQ4,Inside a $32 Million Upside Down House with 130 Ancient Oak Trees | Architectural Digest,2019-05-16T16:00:04.000Z,https://i.ytimg.com/vi/WbxcyzMmzQ4/default.jpg,2300209,37078,889,2229
vSDuhwIhlyo,Inside a $22.5M NYC Sky Mansion | On the Market | Architectural Digest,2019-04-29T16:00:05.000Z,https://i.ytimg.com/vi/vSDuhwIhlyo/default.jpg,1036963,11904,853,951
8t5Z-pVjYAE,Inside an $88M Bel Air Mansion with a Hidden Car Elevator | On the Market | Architectural Digest,2019-04-18T19:30:02.000Z,https://i.ytimg.com/vi/8t5Z-pVjYAE/default.jpg,16149263,253781,8283,30744
FlsKjWqu82k,Inside Lenny Kravitz's Brazilian Farm Compound | Open Door | Architectural Digest,2019-04-17T19:30:02.000Z,https://i.ytimg.com/vi/FlsKjWqu82k/default.jpg,6298574,140908,2153,10415
wT6WSR-yXp4,Inside a $25M NYC Penthouse with a Private Yoga Studio | On the Market | Architectural Digest,2019-03-27T16:00:06.000Z,https://i.ytimg.com/vi/wT6WSR-yXp4/default.jpg,933030,9735,780,870
hLGOo6VZ3EU,Mattress Expert Guesses Cheap vs Expensive Mattresses | Architectural Digest,2019-03-21T16:00:03.000Z,https://i.ytimg.com/vi/hLGOo6VZ3EU/default.jpg,160727,1914,179,261
RDn0K9UzCpc,Inside Kerry Washington's NYC Apartment on the Hudson River | Open Door | Architectural Digest,2019-03-14T16:00:00.000Z,https://i.ytimg.com/vi/RDn0K9UzCpc/default.jpg,3210986,48877,1512,3575
p1hfiauyx60,Inside a $12M Penthouse On NYC's Upper West Side | On the Market | Architectural Digest,2019-03-12T16:00:06.000Z,https://i.ytimg.com/vi/p1hfiauyx60/default.jpg,884339,9300,976,860
A85ftbv3jrg,Inside a $67M NYC Mansion with an Entire Spa Floor | On the Market | Architectural Digest,2019-02-20T17:00:05.000Z,https://i.ytimg.com/vi/A85ftbv3jrg/default.jpg,5148378,72197,2448,6472
xlNC8Q62imU,Inside Maggie Gyllenhaal and Peter Sarsgaard's Brooklyn Home | Open Door | Architectural Digest,2019-02-12T20:00:03.000Z,https://i.ytimg.com/vi/xlNC8Q62imU/default.jpg,3088216,31587,1471,3858
UOhskKdvhrI,Inside Kris Jenner's Hidden Hills Home  | Open Door | Architectural Digest,2019-02-06T17:15:02.000Z,https://i.ytimg.com/vi/UOhskKdvhrI/default.jpg,8657070,93449,4733,4948
fjLdTdCSJi4,Kylie Jenner Talks About Her New Home with Kris | Architectural Digest,2019-02-05T17:00:06.000Z,https://i.ytimg.com/vi/fjLdTdCSJi4/default.jpg,4702973,79918,6388,4440
AOu11Xr1bn8,Inside a Massive $21M NYC Townhouse | On the Market | Architectural Digest,2019-01-30T17:00:04.000Z,https://i.ytimg.com/vi/AOu11Xr1bn8/default.jpg,6290644,109138,4061,9124
iY1UnR7z7P0,Inside Lance Armstrong's Aspen Home | Open Door | Architectural Digest,2019-01-15T17:00:02.000Z,https://i.ytimg.com/vi/iY1UnR7z7P0/default.jpg,1306676,12171,3415,2370
AzatUAZWn0Q,Inside Shonda Rhimes' 1920s Style Home Study | Open Door | Architectural Digest,2019-01-11T17:00:04.000Z,https://i.ytimg.com/vi/AzatUAZWn0Q/default.jpg,397036,6533,257,275
4Fj3kohCzik,Inside Drag Queen Alyssa Edwards' Home | Open Door | Architectural Digest,2018-12-24T17:05:34.000Z,https://i.ytimg.com/vi/4Fj3kohCzik/default.jpg,2681524,68795,1485,1999
7R2RyqU4hjI,Inside Dominic West's Castle Home | Open Door | Architectural Digest,2018-12-20T18:00:27.000Z,https://i.ytimg.com/vi/7R2RyqU4hjI/default.jpg,2628175,39816,821,3304
SrlAlMsdr3g,Inside Jensen and Danneel Ackles' Home | Open Door | Architectural Digest,2018-11-28T17:01:15.000Z,https://i.ytimg.com/vi/SrlAlMsdr3g/default.jpg,7560471,218893,2232,9583
jMV54EADGZI,Inside Ashley Tisdale's Home | Open Door | Architectural Digest,2018-11-12T17:01:24.000Z,https://i.ytimg.com/vi/jMV54EADGZI/default.jpg,4155974,75330,1197,2422
Fq85Bz5L1fQ,'The Nutcracker and the Four Realms' Sets Explained by the Movie's Set Designer | Notes on a Set,2018-11-06T18:01:17.000Z,https://i.ytimg.com/vi/Fq85Bz5L1fQ/default.jpg,34872,828,16,37
nrhZVMb6yVk,"Hidden Details of The Plaza Hotel, From Lobby to Penthouse | Architectural Digest",2018-10-30T16:01:06.000Z,https://i.ytimg.com/vi/nrhZVMb6yVk/default.jpg,1768543,25495,708,1529
Qb6D2aSS2w0,Inside a $12M NYC Loft with an Entirely Gold Bathroom | On the Market | Architectural Digest,2018-10-17T16:00:50.000Z,https://i.ytimg.com/vi/Qb6D2aSS2w0/default.jpg,1329135,12324,2241,1899
HphRKCxIK_Q,Inside Alessandra Ambrosio's Home | Open Door | Architectural Digest,2018-10-10T16:00:42.000Z,https://i.ytimg.com/vi/HphRKCxIK_Q/default.jpg,5623983,82476,2301,2639
roi5V8ppi7Y,Hidden Details of the New York Public Library | Architectural Digest,2018-09-27T21:24:46.000Z,https://i.ytimg.com/vi/roi5V8ppi7Y/default.jpg,785776,12530,182,535
aTSgJgRnqG0,Inside Jesse Tyler Ferguson's Home | Open Door | Architectural Digest,2018-09-25T16:00:43.000Z,https://i.ytimg.com/vi/aTSgJgRnqG0/default.jpg,2838980,55832,1403,2416
WOv1_ZtD2-I,Alessandra Ambrosio Shares the Most Remarkable Things In Her Home | Architectural Digest,2018-10-09T16:01:27.000Z,https://i.ytimg.com/vi/WOv1_ZtD2-I/default.jpg,294690,3145,168,114
B_uds5wUHeY,How a Painter Uses Her Artwork to Combat Diabetes | Architectural Digest,2018-09-08T09:01:12.000Z,https://i.ytimg.com/vi/B_uds5wUHeY/default.jpg,377155,3746,524,131
y6GJV8Qwbck,Inside Lily Aldridge's Nashville Home | Open Door | Architectural Digest,2018-08-08T12:01:09.000Z,https://i.ytimg.com/vi/y6GJV8Qwbck/default.jpg,2217194,34893,899,1073
MUExoqhDr_E,Expert Guesses Cheap vs. Expensive Bed Sheets | Price Points: Home | Architectural Digest,2018-08-06T16:00:46.000Z,https://i.ytimg.com/vi/MUExoqhDr_E/default.jpg,583126,15452,306,1222
za-ogD7nLi8,Inside Michael Kors' Penthouse Apartment in Greenwich Village | Open Door | Architectural Digest,2018-08-01T12:00:48.000Z,https://i.ytimg.com/vi/za-ogD7nLi8/default.jpg,4806710,46952,2660,3265
jX8hxcCSjog,Inside Wiz Khalifa's $4.6M L.A. Mansion & Recording Studio | Open Door | Architectural Digest,2018-07-16T16:00:53.000Z,https://i.ytimg.com/vi/jX8hxcCSjog/default.jpg,39019542,569328,14912,18531
OiIxePlKZ1A,'The Crown' Sets Explained by the Show's Set Designer | Notes on a Set,2018-06-19T19:55:42.000Z,https://i.ytimg.com/vi/OiIxePlKZ1A/default.jpg,261601,4906,69,101
JvH4PSn4wm0,Inside Mandy Moore's $2.6 Million Mid-century Pasadena Home | Open Door | Architectural Digest,2018-06-21T17:00:32.000Z,https://i.ytimg.com/vi/JvH4PSn4wm0/default.jpg,4706226,73151,1605,2794
_b4XQUE_u8o,Every Detail of Grand Central Terminal Explained | Architectural Digest,2018-06-06T17:59:53.000Z,https://i.ytimg.com/vi/_b4XQUE_u8o/default.jpg,601727,13290,131,542
IvIEZXQruxg,Inside Liev Schreiber’s Renovated NYC Apartment | Open Door | Architectural Digest,2018-06-04T16:03:35.000Z,https://i.ytimg.com/vi/IvIEZXQruxg/default.jpg,2463739,30828,481,1318
mdTv3V4ALzg,Inside Zachary Quinto's $3.2 Million NYC Loft | Open Door | Architectural Digest,2018-05-08T16:02:47.000Z,https://i.ytimg.com/vi/mdTv3V4ALzg/default.jpg,2852183,39969,1448,2424
GOUvZrKiRI8,Inside Tommy Hilfiger’s $50 Million Plaza Hotel Penthouse | Open Door | Architectural Digest,2018-04-25T16:47:02.000Z,https://i.ytimg.com/vi/GOUvZrKiRI8/default.jpg,11685597,112612,6195,8026
TvLGiAbgRc4,Blac Chyna Designs a Dream House That Has a 10-Car Garage and a Money Room | Architectural Digest,2018-04-10T16:00:31.000Z,https://i.ytimg.com/vi/TvLGiAbgRc4/default.jpg,433795,5261,2219,839
RF-Mqs2qC-M,Inside Zedd's $16 Million Mansion That Has a Skittles Machine | Open Door | Architectural Digest,2018-03-29T12:00:59.000Z,https://i.ytimg.com/vi/RF-Mqs2qC-M/default.jpg,40956704,713361,23688,59349
A6Kg4SOPHlk,Jennifer Aniston's Designer Breaks Down Jen's New Home | Celebrity Homes | Architectural Digest,2018-02-15T03:31:16.000Z,https://i.ytimg.com/vi/A6Kg4SOPHlk/default.jpg,2291689,11969,975,357
ATGZ58IRwfE,Inside Nate Berkus and Jeremiah Brent's California Dream House | Open Door | Architectural Digest,2018-02-07T17:00:24.000Z,https://i.ytimg.com/vi/ATGZ58IRwfE/default.jpg,3022196,38116,1375,1685
p6CChp8MrjU,How Architects Can Tell Where Famous Movie Settings Are Really Located | Architectural Digest,2018-01-24T17:00:16.000Z,https://i.ytimg.com/vi/p6CChp8MrjU/default.jpg,390333,7034,309,381
kkWLQwhbnOQ,Inside Alexandre de Betak's Fun NYC Loft That Has a Secret Pole Dancing Room | Architectural Digest,2018-01-17T13:00:06.000Z,https://i.ytimg.com/vi/kkWLQwhbnOQ/default.jpg,175136,1530,48,33
2dkl0fUKHAM,Inside Ricky Martin's Serene Los Angeles Home | Open Door | Architectural Digest,2018-01-09T13:00:44.000Z,https://i.ytimg.com/vi/2dkl0fUKHAM/default.jpg,6081712,68806,4769,4954
XwmLvdmfbMg,Kristen Wiig and Hong Chau Chat About Shrinking Themselves for 'Downsizing' | Architectural Digest,2017-12-22T13:01:13.000Z,https://i.ytimg.com/vi/XwmLvdmfbMg/default.jpg,28253,131,14,5
poWzwQNovZE,Rosie Huntington-Whiteley Gets a Holiday Home Makeover | Celebrity Homes | Architectural Digest,2017-12-20T20:21:06.000Z,https://i.ytimg.com/vi/poWzwQNovZE/default.jpg,84677,798,49,25
9sbZssgUdfw,Brooke Shields Reveals Her Home Decor for the Holidays | Celebrity Homes | Architectural Digest,2017-12-19T23:00:49.000Z,https://i.ytimg.com/vi/9sbZssgUdfw/default.jpg,229763,1415,101,92
KyI8i1-cN8s,Inside Terry Crews' LA Man Cave | Open Door | Architectural Digest,2017-12-15T18:00:21.000Z,https://i.ytimg.com/vi/KyI8i1-cN8s/default.jpg,6748965,107299,2108,4355
or8pkOC6i0k,Katie Couric Learns How To Organize from Declutter Expert Marie Kondo | Architectural Digest,2017-11-30T17:31:01.000Z,https://i.ytimg.com/vi/or8pkOC6i0k/default.jpg,42081,385,25,21
Dtd0wjxNp8k,Inside Tommy Hilfiger's Connecticut Castle in 360° | Architectural Digest,2017-11-01T16:00:01.000Z,https://i.ytimg.com/vi/Dtd0wjxNp8k/default.jpg,488588,3338,507,157
P2V0qhiof_M,Inside Robert Downey Jr.’s Windmill Home in the Hamptons | Open Door | Architectural Digest,2017-10-30T12:00:42.000Z,https://i.ytimg.com/vi/P2V0qhiof_M/default.jpg,17401376,321351,4818,11123
Yr2Ls9d76hw,Inside Julianne Moore’s New York City Townhouse | Celebrity Homes | Architectural Digest,2017-10-03T12:00:40.000Z,https://i.ytimg.com/vi/Yr2Ls9d76hw/default.jpg,1333954,6852,581,263
sSftpgYySaA,Supermodel Hilary Rhoda Shares Her Morning Routine | Architectural Digest,2017-09-13T12:00:33.000Z,https://i.ytimg.com/vi/sSftpgYySaA/default.jpg,58379,733,59,29
Wx-eHBBuOYw,Inside Tory Burch’s Hamptons House | Architectural Digest,2017-09-05T21:02:24.000Z,https://i.ytimg.com/vi/Wx-eHBBuOYw/default.jpg,715597,5121,1203,328
Hj28xrrnAMM,"Jaime Lannister on Which ""Game of Thrones"" Character Would Survive Prison | Architectural Digest",2017-08-29T19:42:52.000Z,https://i.ytimg.com/vi/Hj28xrrnAMM/default.jpg,129336,1470,33,162
2-9lCn_LnFI,Real Housewives Star Carole Radziwill Tours Her NYC Apartment | Open Door | Architectural Digest,2017-08-23T12:00:14.000Z,https://i.ytimg.com/vi/2-9lCn_LnFI/default.jpg,273861,1667,118,175
zCXhqyTSdVQ,Inside Claudia Schiffer and Matthew Vaughn's Mansion | Celebrity Homes | Architectural Digest,2017-08-01T16:30:39.000Z,https://i.ytimg.com/vi/zCXhqyTSdVQ/default.jpg,601918,2349,312,111
btQYakQ6ZVI,Lily Collins Takes the First-Ever AD IQ Test | Architectural Digest,2017-07-14T12:01:08.000Z,https://i.ytimg.com/vi/btQYakQ6ZVI/default.jpg,505473,10009,125,172
n9NSFJ1RxP8,Inside Mindy Kaling's Colorful Hancock Park House | Celebrity Homes | Architectural Digest,2017-07-12T20:17:42.000Z,https://i.ytimg.com/vi/n9NSFJ1RxP8/default.jpg,688963,5920,371,283
TrqeLmsHrws,Tesla Model X P100D: Test-Driving the World’s Fastest SUV | Architectural Digest,2017-07-07T18:28:10.000Z,https://i.ytimg.com/vi/TrqeLmsHrws/default.jpg,45970,550,40,17
V7MX8d2DbwU,Pierre Yovanovitch Unveils Fresco in his Provence Chapel | Architectural Digest,2017-07-07T16:31:05.000Z,https://i.ytimg.com/vi/V7MX8d2DbwU/default.jpg,23637,376,7,9
Mk0ECs9jhH4,How Welsh Model Grace Coddington Puts Cats to Work Around the House | Architectural Digest,2017-06-28T16:48:35.000Z,https://i.ytimg.com/vi/Mk0ECs9jhH4/default.jpg,82514,1418,72,64
nW9KKYjXpEM,Disney Star Peyton List Shows Off Her First Ever Home | Architectural Digest,2017-06-20T12:00:57.000Z,https://i.ytimg.com/vi/nW9KKYjXpEM/default.jpg,926990,6786,734,202
mS7Z4i1mIVY,4 Ways to Style a Coffee Table | Architectural Digest,2017-06-15T18:37:01.000Z,https://i.ytimg.com/vi/mS7Z4i1mIVY/default.jpg,46879,722,50,8
5AfKFXd-XME,Inside Ellen Pompeo’s Hamptons House in Sag Harbor | Celebrity Homes | Architectural Digest,2017-06-12T14:50:14.000Z,https://i.ytimg.com/vi/5AfKFXd-XME/default.jpg,613893,7301,96,91
RmOK_6qOR6g,Connie Britton Hosts A Fantasy Dinner Party For Some Of The Most Famous People In The World,2017-06-09T17:12:53.000Z,https://i.ytimg.com/vi/RmOK_6qOR6g/default.jpg,16204,81,21,5
txnpFuM-0rU,Tim McGraw and Faith Hill Show Off Their Private Island Home in the Bahamas | Architectural Digest,2017-06-05T12:01:00.000Z,https://i.ytimg.com/vi/txnpFuM-0rU/default.jpg,843652,3783,286,240
gQiIJz0JeZA,Derek Hough Tours The Set Of JLo’s New Show “World of Dance” | Architectural Digest,2017-05-26T12:01:01.000Z,https://i.ytimg.com/vi/gQiIJz0JeZA/default.jpg,13151,70,9,0
FewkEeskWJ0,Hannah Bronfman and Brendan Fallis Use Household Items As Workout Equipment | Architectural Digest,2017-05-19T22:32:23.000Z,https://i.ytimg.com/vi/FewkEeskWJ0/default.jpg,30571,317,27,9
5tvesDP2c8I,How Gwyneth Paltrow Turned A Warehouse Into A Home For Goop | Architectural Digest,2017-05-17T14:42:40.000Z,https://i.ytimg.com/vi/5tvesDP2c8I/default.jpg,210482,906,171,29
-LYa_pbQb8U,How to Pick the Perfect Vase for Your Flowers | Architectural Digest,2017-05-12T14:24:14.000Z,https://i.ytimg.com/vi/-LYa_pbQb8U/default.jpg,28700,477,16,5
7nS8kzJhFlg,How Peter Lane Creates His Larger-Than-Life Ceramic Works | Architectural Digest,2017-05-09T22:16:42.000Z,https://i.ytimg.com/vi/7nS8kzJhFlg/default.jpg,12365,153,4,4
F69iFvsnq34,Hannah Bronfman and Brendan Fallis's NYC Triplex Is a Minimalist's Dream | Architectural Digest,2017-05-05T12:01:00.000Z,https://i.ytimg.com/vi/F69iFvsnq34/default.jpg,316798,3124,98,110
paRaKmq11TM,Jenny Slate On Her Leonardo DiCaprio Obsession and Dream Home | House Calls | Architectural Digest,2017-04-28T20:50:22.000Z,https://i.ytimg.com/vi/paRaKmq11TM/default.jpg,9144,82,7,2
4P6hFDxR4To,Inside Tom Brady and Gisele Bundchen’s Brentwood Los Angeles House | Architectural Digest,2017-04-27T21:29:57.000Z,https://i.ytimg.com/vi/4P6hFDxR4To/default.jpg,597202,2659,356,64
soGZV7l25K8,Nicole Richie Motivates Her Chickens for a Photoshoot | Architectural Digest,2017-04-26T14:42:55.000Z,https://i.ytimg.com/vi/soGZV7l25K8/default.jpg,29956,334,21,11
Bkta1NLMNnc,4 Ways To Fill Your Bookshelf With Style | Architectural Digest,2017-04-25T21:16:29.000Z,https://i.ytimg.com/vi/Bkta1NLMNnc/default.jpg,43551,1227,15,11
ZQqt9wjtFzo,Inside Aerin Lauder’s Family Home in Palm Beach | Celebrity Homes | Architectural Digest,2017-04-19T19:17:47.000Z,https://i.ytimg.com/vi/ZQqt9wjtFzo/default.jpg,113374,471,45,14
qbK13Qmiws4,4 Ways to Style a Nightstand | Architectural Digest,2017-04-18T20:51:33.000Z,https://i.ytimg.com/vi/qbK13Qmiws4/default.jpg,33922,643,14,2
MB-VkduAB-c,Model Anne Vyalitsyna Gives A Tour Of Her NYC Apartment | Celebrity Homes | Architectural Digest,2017-04-17T14:38:14.000Z,https://i.ytimg.com/vi/MB-VkduAB-c/default.jpg,147874,948,74,19
ic9JvYDD07Q,Tim McGraw and Faith Hill Play the Newlywed Game | Architectural Digest,2017-04-14T11:58:05.000Z,https://i.ytimg.com/vi/ic9JvYDD07Q/default.jpg,87027,593,11,13
-qwU67Svl68,"The 21 Most Beautiful Churches, Mosques and Temples Around the World | Architectural Digest",2017-04-13T17:20:27.000Z,https://i.ytimg.com/vi/-qwU67Svl68/default.jpg,59982,843,65,32
dts74c4h2HY,Nate Berkus and Jeremiah Brent Play the Newlywed Game | Architectural Digest,2017-04-12T20:13:52.000Z,https://i.ytimg.com/vi/dts74c4h2HY/default.jpg,143426,1261,30,31
j0q197AOkTY,Kim Cattrall Attempts to Make Sushi | Architectural Digest,2017-04-11T22:23:42.000Z,https://i.ytimg.com/vi/j0q197AOkTY/default.jpg,25552,267,26,17
YN3J3X7D5nk,The Cosmopolitan Las Vegas | Architectural Digest,2017-04-17T10:01:00.000Z,https://i.ytimg.com/vi/YN3J3X7D5nk/default.jpg,1398929,1147,530,34
Vdb0l91OsjQ,Inside Meg Ryan's New York City Loft | Celebrity Homes | Architectural Digest,2017-04-10T21:56:25.000Z,https://i.ytimg.com/vi/Vdb0l91OsjQ/default.jpg,875871,4002,464,134
nYIv-GnBi08,4 Ways to Style a Home Office | Architectural Digest,2017-04-07T16:47:50.000Z,https://i.ytimg.com/vi/nYIv-GnBi08/default.jpg,35156,495,41,9
b1Ueh5-Uzqc,Inside Molly Sims’ Kid-Friendly Home in Pacific Palisades | Celebrity Homes | Architectural Digest,2017-04-07T16:21:19.000Z,https://i.ytimg.com/vi/b1Ueh5-Uzqc/default.jpg,116363,309,43,2
UsuiOMTvgDM,Incredible Architecture Captured from the Ground | Architectural Digest,2017-04-06T19:57:30.000Z,https://i.ytimg.com/vi/UsuiOMTvgDM/default.jpg,10347,104,3,2
W6BsDCquQJQ,John Robshaw’s Modern Spin on Ancient Art of Block Printing,2017-04-05T10:00:25.000Z,https://i.ytimg.com/vi/W6BsDCquQJQ/default.jpg,985056,256,12,10
CIHe31Aex3M,Inside Laura Dern’s Rustic Los Angeles Home | Celebrity Homes | Architectural Digest,2017-04-03T16:29:12.000Z,https://i.ytimg.com/vi/CIHe31Aex3M/default.jpg,180543,1059,79,26
gMkbdG-q-1g,4 Ways to Style the Perfect Fireplace Mantel | Architectural Digest,2017-03-31T19:06:33.000Z,https://i.ytimg.com/vi/gMkbdG-q-1g/default.jpg,19375,387,15,3
3QWC1XEg1p0,This is What Happens When You Decorate an Entire Space in Millennial Pink | Architectural Digest,2017-03-24T17:58:33.000Z,https://i.ytimg.com/vi/3QWC1XEg1p0/default.jpg,32970,234,150,22
cCjV-vZExVA,Inside Hilary Swank’s Elegant Parisian Loft | Celebrity Homes | Architectural Digest,2017-03-23T17:09:33.000Z,https://i.ytimg.com/vi/cCjV-vZExVA/default.jpg,278125,1089,134,37
M1BxDuY28tA,Inside Supermodel Karen Elson’s Nashville Home | Celebrity Homes | Architectural Digest,2017-03-10T18:59:35.000Z,https://i.ytimg.com/vi/M1BxDuY28tA/default.jpg,194169,1365,93,61
cBnqr6s974w,Introducing the New AD | Architectural Digest,2017-03-08T15:42:06.000Z,https://i.ytimg.com/vi/cBnqr6s974w/default.jpg,6719,43,4,7
kg-QbPJnfrs,Inside Kim Cattrall's NYC Home that Has a Monkey Room | Celebrity Homes | Architectural Digest,2017-03-06T11:00:22.000Z,https://i.ytimg.com/vi/kg-QbPJnfrs/default.jpg,897269,9852,454,785
0FICFHpaLDw,The Best Oscars Stage Decor of All Time | Architectural Digest,2017-02-24T20:42:53.000Z,https://i.ytimg.com/vi/0FICFHpaLDw/default.jpg,13770,124,9,6
j2GUbeZKrBA,Inside Beastie Boys' Mike D's Malibu House | Celebrity Homes | Architectural Digest,2017-02-10T14:00:24.000Z,https://i.ytimg.com/vi/j2GUbeZKrBA/default.jpg,306011,1898,116,127
ZuPgi1iiEFs,The Homes of Vogue Italia's Late Franca Sozzani | Architectural Digest,2017-02-09T14:01:04.000Z,https://i.ytimg.com/vi/ZuPgi1iiEFs/default.jpg,114813,1128,29,16
1kDr7AhyxG8,Inside Tommy Hilfiger’s Ivy-Covered Connecticut Castle | Celebrity Homes | Architectural Digest,2017-02-02T11:00:45.000Z,https://i.ytimg.com/vi/1kDr7AhyxG8/default.jpg,213340,1129,60,57
N-V-4JJFxOo,Inside Tommy Hilfiger's Closet | Closet Confidential | Architectural Digest,2017-02-01T11:00:19.000Z,https://i.ytimg.com/vi/N-V-4JJFxOo/default.jpg,238426,1829,89,76
3LKcYeebWQI,Jeremiah Brent Transforms an NYC Apartment from Basic to Breathtaking | Architectural Digest,2017-01-26T21:37:03.000Z,https://i.ytimg.com/vi/3LKcYeebWQI/default.jpg,283839,2743,104,81
cY9mfPSrk3U,Kris Jenner Has a LOT of Christmas Decorations For The Kardashians Home | Architectural Digest,2016-12-21T15:01:00.000Z,https://i.ytimg.com/vi/cY9mfPSrk3U/default.jpg,352057,3741,170,228
I1qPmA5XIro,Christmas with the Bidens | Architectural Digest,2016-12-20T17:33:06.000Z,https://i.ytimg.com/vi/I1qPmA5XIro/default.jpg,43014,190,16,8
nYltagjzBx4,Miles Redd’s Dinner Party Must Haves | Architectural Digest,2016-12-20T14:00:40.000Z,https://i.ytimg.com/vi/nYltagjzBx4/default.jpg,23298,292,40,21
ZkV5XEewMFg,Kris Jenner On Her Kardashian-Jenner Family Christmas Holiday Décor | Architectural Digest,2016-12-19T11:00:20.000Z,https://i.ytimg.com/vi/ZkV5XEewMFg/default.jpg,4323631,47714,2351,2500
tKeIyCxO9VU,3 Easy Holiday Garlands for a Festive Home | Architectural Digest,2016-12-16T22:11:23.000Z,https://i.ytimg.com/vi/tKeIyCxO9VU/default.jpg,8695,122,8,5
WHPHhd1D1-E,How to Style a Holiday Mantel | Architectural Digest,2016-12-14T11:00:43.000Z,https://i.ytimg.com/vi/WHPHhd1D1-E/default.jpg,6669,97,5,1
zJYHe-r51q8,How a Designer Sets a Nature-Inspired Holiday Table | Architectural Digest,2016-12-08T20:06:27.000Z,https://i.ytimg.com/vi/zJYHe-r51q8/default.jpg,13213,170,4,0
-cp6Oa0BJD4,This Is How NASCAR Champion Jimmie Johnson Enjoys Downtime with His Family - Architectural Digest,2016-11-29T16:36:29.000Z,https://i.ytimg.com/vi/-cp6Oa0BJD4/default.jpg,12979,65,11,0
L4-ReUqtXEI,How to Set a Dinner Table | Architectural Digest,2016-11-16T21:24:37.000Z,https://i.ytimg.com/vi/L4-ReUqtXEI/default.jpg,14677,364,5,15
51X3uFlie7E,How to Update Your Living Room in 3 Easy Steps | Interior Design Tips | Architectural Digest,2016-11-09T20:28:47.000Z,https://i.ytimg.com/vi/51X3uFlie7E/default.jpg,91780,783,31,10
nbvgRO7VRRo,What Would Hillary Clinton’s White House Look Like? | Architectural Digest,2016-11-04T20:01:48.000Z,https://i.ytimg.com/vi/nbvgRO7VRRo/default.jpg,9888,33,51,16
A2wqjsf5gho,What Would Donald Trump’s White House Look Like? | Architectural Digest,2016-11-04T19:22:59.000Z,https://i.ytimg.com/vi/A2wqjsf5gho/default.jpg,41541,89,77,18
Kh9pdnc5Z04,The Great Escape | Architectural Digest,2016-11-04T17:56:38.000Z,https://i.ytimg.com/vi/Kh9pdnc5Z04/default.jpg,147511,341,0,5
4Ao52HYKT70,4 White House Rooms You Won't See on the Tour | Architectural Digest,2016-11-01T17:47:05.000Z,https://i.ytimg.com/vi/4Ao52HYKT70/default.jpg,97035,460,22,27
gTUPEebUigE,A Look at Past Presidential Rooms in the White House | Architectural Digest,2016-11-01T14:25:01.000Z,https://i.ytimg.com/vi/gTUPEebUigE/default.jpg,74619,244,39,7
D2ELhcBRIBQ,A Look Inside the Obama White House | Architectural Digest,2016-11-01T12:00:33.000Z,https://i.ytimg.com/vi/D2ELhcBRIBQ/default.jpg,1467120,1104,110,100
o04nUiNls9Q,Snoop Dogg and Martha Stewart Give Tour of Potluck Dinner Party Cooking Show | Architectural Digest,2016-10-24T10:00:56.000Z,https://i.ytimg.com/vi/o04nUiNls9Q/default.jpg,143912,664,10,23
WX4iAokhGVg,Closet Confidential with Brad Goreski | Architectural Digest,2016-10-03T18:00:14.000Z,https://i.ytimg.com/vi/WX4iAokhGVg/default.jpg,16959,76,18,4
xDDIPpkPflQ,How to Fold a Napkin for a Dinner Party: The Dapper Bow Tie | Architechtural Digest,2016-09-23T20:06:59.000Z,https://i.ytimg.com/vi/xDDIPpkPflQ/default.jpg,9166,76,5,1
hsplvEzzN-M,How to Fold a Napkin for a Dinner Party: The Efficient Envelope | Architectural Digest,2016-09-23T20:04:31.000Z,https://i.ytimg.com/vi/hsplvEzzN-M/default.jpg,6968,62,0,0
uqf2FPv2dB0,How to Fold a Napkin for a Dinner Party: The Basic Pouch | Architectural Digest,2016-09-23T20:04:13.000Z,https://i.ytimg.com/vi/uqf2FPv2dB0/default.jpg,12677,209,2,1
ORM07tMvAtU,How to Fold a Napkin for a Dinner Party: The Fleur-de-Lis | Architectural Digest,2016-09-23T20:01:16.000Z,https://i.ytimg.com/vi/ORM07tMvAtU/default.jpg,9217,209,1,0
JuE_6QquY-E,How to Fold a Napkin for a Dinner Party: The Diamond | Architectural Digest,2016-09-23T19:59:00.000Z,https://i.ytimg.com/vi/JuE_6QquY-E/default.jpg,6930,81,0,0
pI_PdUSiJdo,How to Fold a Napkin for a Dinner Party: The Classic Ring Stuffer | Architectural Digest,2016-09-23T19:56:43.000Z,https://i.ytimg.com/vi/pI_PdUSiJdo/default.jpg,11706,56,4,0
wf5FeDgxUUc,6 Easy Napkin Folds for Any Dinner Party | Architectural Digest,2016-09-23T19:28:33.000Z,https://i.ytimg.com/vi/wf5FeDgxUUc/default.jpg,24883,83,18,1
lieC-8Yt-Ls,How Architecture Firm Bureau V Marries Industrial Chic and Artful Edginess | Architectural Digest,2016-09-14T15:17:57.000Z,https://i.ytimg.com/vi/lieC-8Yt-Ls/default.jpg,4892,32,2,0
uQeeu-JrwNA,This Brooklyn-Based Start-up Is Changing the Way You Look at Wallpaper | Architectural Digest,2016-09-14T15:04:26.000Z,https://i.ytimg.com/vi/uQeeu-JrwNA/default.jpg,12694,53,3,0
OgZuz3UcP5U,How a Flea-Market Purchase Became a Digital Design Start-Up | Architectural Digest,2016-09-14T14:56:05.000Z,https://i.ytimg.com/vi/OgZuz3UcP5U/default.jpg,25619,96,10,0
ykPWgQb9UvA,New York Firm Harrison Green Says Landscape Architecture Is Experiencing a New Golden Age,2016-09-14T14:49:08.000Z,https://i.ytimg.com/vi/ykPWgQb9UvA/default.jpg,13695,82,5,2
aKqZp5q_p7g,The Project I Never Built... With Ma Yansong | Architectural Digest,2016-09-12T14:39:09.000Z,https://i.ytimg.com/vi/aKqZp5q_p7g/default.jpg,27447,330,9,6
20wyoYIxw5E,Studio Drift's Light Installations Fuse Nature and Technology | Architechtual Digest,2016-09-07T17:05:07.000Z,https://i.ytimg.com/vi/20wyoYIxw5E/default.jpg,7868,109,1,0
L9o85E5Ytkc,Go Inside AD’s September Style Party - Architectural Digest,2016-08-11T14:03:22.000Z,https://i.ytimg.com/vi/L9o85E5Ytkc/default.jpg,30576,126,15,2
FInezTvgLlE,Marvin Architects Challenge 2016: Part 1,2016-08-10T22:24:59.000Z,https://i.ytimg.com/vi/FInezTvgLlE/default.jpg,32922,420,1,4
TWwm_aguWgo,Marvin Architects Challenge 2016: Part 2,2016-08-10T22:20:36.000Z,https://i.ytimg.com/vi/TWwm_aguWgo/default.jpg,14562,106,0,1
vdufYH5qkvA,5 Must-See Architectural Landmarks in Buenos Aires | Architectural Digest,2016-08-02T18:37:39.000Z,https://i.ytimg.com/vi/vdufYH5qkvA/default.jpg,9000,81,5,4
3ou8SsilF4c,5 Must-See Architectural Landmarks in Copenhagen | Architectural Digest,2016-08-02T17:23:10.000Z,https://i.ytimg.com/vi/3ou8SsilF4c/default.jpg,8813,68,1,2
1cXkmTnHQGk,6 Must-See Architectural Landmarks in Los Angeles | Architectural Digest,2016-08-02T16:29:53.000Z,https://i.ytimg.com/vi/1cXkmTnHQGk/default.jpg,14208,112,3,1
-BDS8uZ9Ktc,7 Must-See Architectural Landmarks in London | Architectural Digest,2016-08-02T16:18:31.000Z,https://i.ytimg.com/vi/-BDS8uZ9Ktc/default.jpg,22357,189,8,12
VXbw4p4Q9ko,15 Must-See Architectural Landmarks in Chicago | Architectural Digest,2016-08-02T16:14:43.000Z,https://i.ytimg.com/vi/VXbw4p4Q9ko/default.jpg,20475,205,3,9
kC8XIbdor2A,5 Must-See Architectural Landmarks In Milan | Architectural Digest,2016-07-26T21:10:11.000Z,https://i.ytimg.com/vi/kC8XIbdor2A/default.jpg,25239,247,4,1
Jh8M0Gz-8GM,5 Incredible Architectural Landmarks in Paris | Architectural Digest,2016-07-26T20:43:46.000Z,https://i.ytimg.com/vi/Jh8M0Gz-8GM/default.jpg,17414,157,5,9
Rgv5vSza0QQ,5 Must-See Architectural Landmarks in Rio de Janeiro | Architectural Digest,2016-07-26T20:34:27.000Z,https://i.ytimg.com/vi/Rgv5vSza0QQ/default.jpg,7306,74,1,2
PFZbdSWeVxg,5 Must-See Architectural Landmarks in Tokyo | Architectural Digest,2016-07-26T20:20:00.000Z,https://i.ytimg.com/vi/PFZbdSWeVxg/default.jpg,12097,99,3,1
Uy69TIPIsgY,Get to Know Fashion Designer Joseph Altuzarra | Architectural Digest,2016-07-12T19:35:34.000Z,https://i.ytimg.com/vi/Uy69TIPIsgY/default.jpg,7988,72,6,1
XWr9Vp-Csxs,How to Design a Flower Arrangement from a Pre-Made Bouquet with Oscar Mora | Architectural Digest,2016-06-17T14:46:58.000Z,https://i.ytimg.com/vi/XWr9Vp-Csxs/default.jpg,40232,657,22,7
ph1iv6SOV6c,World-Renowned Architect Rafael Viñoly Breaks Down his Biggest Projects | Architectural Digest,2016-06-07T21:59:50.000Z,https://i.ytimg.com/vi/ph1iv6SOV6c/default.jpg,23320,247,14,13
2BZiGPORX-Y,3 Unexpected Ways to Decorate with Color | Architectural Digest,2016-06-06T19:54:17.000Z,https://i.ytimg.com/vi/2BZiGPORX-Y/default.jpg,44668,360,20,10
RZYI7XYiR4k,5 Clever Ways to Modernize a Dated Home with Pattern | Architectural Digest,2016-06-02T20:42:48.000Z,https://i.ytimg.com/vi/RZYI7XYiR4k/default.jpg,30518,200,41,6
R2rWzA80NKs,ADVERTISEMENT: The Marvin Beautiful Home Search,2016-05-18T16:05:11.000Z,https://i.ytimg.com/vi/R2rWzA80NKs/default.jpg,33859,298,7,2
S7NEU7gGU6w,ADVERTISEMENT: The Marvin Beautiful Home Search,2016-05-18T15:51:54.000Z,https://i.ytimg.com/vi/S7NEU7gGU6w/default.jpg,2826,20,3,0
GJE3SToxTd4,ADVERTISEMENT: Marvin Beautiful Home Search,2016-05-18T15:46:46.000Z,https://i.ytimg.com/vi/GJE3SToxTd4/default.jpg,2087,11,0,1
yJqkaTp4JxM,3 Easy Cocktails for the Summer | Architectural Digest,2016-05-06T21:26:12.000Z,https://i.ytimg.com/vi/yJqkaTp4JxM/default.jpg,3138,50,2,0
Ftc_f277W2s,Inside Alex Rodriguez’s Sleek Miami Home Inspired by His Daughters | Architectural Digest,2016-05-04T14:18:12.000Z,https://i.ytimg.com/vi/Ftc_f277W2s/default.jpg,580035,4083,174,107
LUvgPCwfCOI,Designers Predict the Next Big Home Decor Trends of 2016,2016-04-22T20:59:18.000Z,https://i.ytimg.com/vi/LUvgPCwfCOI/default.jpg,4133,34,2,2
snH4Iz7wRmM,Tour the Set of Jesse Tyler Ferguson’s New Broadway Show Fully Committed,2016-04-15T22:31:25.000Z,https://i.ytimg.com/vi/snH4Iz7wRmM/default.jpg,7164,57,0,0
t4YKtL6OeC0,Promotion:  The AD Design Studio,2016-04-14T17:04:19.000Z,https://i.ytimg.com/vi/t4YKtL6OeC0/default.jpg,5127,35,1,2
fU9Vb5fg-ww,This or That with Genevieve Gorder,2016-04-14T14:39:11.000Z,https://i.ytimg.com/vi/fU9Vb5fg-ww/default.jpg,10593,50,6,2
ptRzFzJBI4w,This or That with Interior Designer Ryan Korban,2016-04-12T22:17:43.000Z,https://i.ytimg.com/vi/ptRzFzJBI4w/default.jpg,5119,49,7,2
Hdcr2rxmYX4,Bronson van Wyck Creates an Africa-Inspired Dinner Table,2016-03-23T17:29:05.000Z,https://i.ytimg.com/vi/Hdcr2rxmYX4/default.jpg,3890,55,5,2
FMSVFqkMsFU,Architectural Digest Design Show 2016 Coverage,2016-03-23T16:27:33.000Z,https://i.ytimg.com/vi/FMSVFqkMsFU/default.jpg,10847,60,2,2
384t2epXC5Q,Inside AVO Founder Brit Kleinman's Brooklyn Design Studio | Architectural Digest,2016-03-16T22:10:11.000Z,https://i.ytimg.com/vi/384t2epXC5Q/default.jpg,30001,291,6,3
wdgWyT-qrXQ,World Trade Center Oculus Explained by Architect Santiago Calatrava | Architectural Digest,2016-03-03T18:04:47.000Z,https://i.ytimg.com/vi/wdgWyT-qrXQ/default.jpg,35105,308,5,17
ZMPETV8APE0,Inside Kourtney Kardashian's Home | Architectural Digest,2016-03-03T15:24:48.000Z,https://i.ytimg.com/vi/ZMPETV8APE0/default.jpg,4288942,30520,4949,2060
s2xH_DwK_pU,Tour The Help Director Tate Taylor’s Mississippi Mansion | Celebrity Homes | Architectural Digest,2016-02-02T05:00:52.000Z,https://i.ytimg.com/vi/s2xH_DwK_pU/default.jpg,353253,3129,97,181
hSQcxv1gejM,Leo Villareal’s Dazzling Light Sculpture Will Take Your Breath Away | Architectural Digest,2016-02-02T05:00:53.000Z,https://i.ytimg.com/vi/hSQcxv1gejM/default.jpg,5562,91,2,2
QqS46S5Zkso,Naomi Watts and Liev Schreiber Reveal Their Renovated New York City Apartment | Architectural Digest,2016-02-02T05:00:55.000Z,https://i.ytimg.com/vi/QqS46S5Zkso/default.jpg,633396,2816,151,160
s4WjAHv99Mg,Inside Khloé and Kourtney Kardashian’s Dream Houses | Celebrity Homes | Architectural Digest,2016-02-03T13:24:54.000Z,https://i.ytimg.com/vi/s4WjAHv99Mg/default.jpg,587883,2810,328,87
RJURLNZgl2A,Inside AD's Interactive 'Refuge' Exhibit at Art Basel Miami Beach 2015 | Architectural Digest,2016-01-20T23:08:18.000Z,https://i.ytimg.com/vi/RJURLNZgl2A/default.jpg,5673,30,4,0
kgTud33ixlU,How These AD100 Talents Knew They Had A Career in Design,2016-01-14T19:48:04.000Z,https://i.ytimg.com/vi/kgTud33ixlU/default.jpg,1379,12,1,1
PA0HVabGJnY,AD100 Talents Admit Their Least Favorite Design Trends,2016-01-14T19:44:54.000Z,https://i.ytimg.com/vi/PA0HVabGJnY/default.jpg,1375,8,0,1
CqJ8oxpyhco,What You Never Guessed These Designers Had At Home,2016-01-14T19:38:00.000Z,https://i.ytimg.com/vi/CqJ8oxpyhco/default.jpg,1128,7,1,0
NG-OcHkBFzQ,AD100 Talents Determine Which Design Legend They’d Most Like To Be Trapped With,2016-01-14T19:38:10.000Z,https://i.ytimg.com/vi/NG-OcHkBFzQ/default.jpg,675,7,0,0
yF20lv4P4Pg,AD100 Designers Reveal Their Guilty Pleasures,2016-01-14T19:30:31.000Z,https://i.ytimg.com/vi/yF20lv4P4Pg/default.jpg,896,6,0,0
WRPD16ag51I,AD100 Designers Describe Their Dream Projects,2016-01-14T19:11:58.000Z,https://i.ytimg.com/vi/WRPD16ag51I/default.jpg,979,7,0,0
-gR1jN7y3lA,Our Favorite Designers Reveal Their Wildest Decorating Disasters,2016-01-14T19:08:41.000Z,https://i.ytimg.com/vi/-gR1jN7y3lA/default.jpg,1119,11,0,0
G6i_IB5gNY4,AD100 Designers List Their Latest Discoveries,2016-01-14T18:21:10.000Z,https://i.ytimg.com/vi/G6i_IB5gNY4/default.jpg,771,4,0,0
KiKSiaV-ArI,The Connected Home,2015-12-17T18:17:02.000Z,https://i.ytimg.com/vi/KiKSiaV-ArI/default.jpg,2729,26,1,0
3BWA-km0emM,The Connected Life,2015-12-17T18:12:03.000Z,https://i.ytimg.com/vi/3BWA-km0emM/default.jpg,1117,9,0,0
AqI88GtA0rY,Look Inside the AD100 Party  at New York’s Whitney Museum,2015-12-15T22:29:26.000Z,https://i.ytimg.com/vi/AqI88GtA0rY/default.jpg,1075,6,1,1
WWY5JdUV7U0,Meghan Trainor Unveils a Dazzling Holiday Light Installation by Rockwell Group,2015-12-04T19:13:28.000Z,https://i.ytimg.com/vi/WWY5JdUV7U0/default.jpg,5719,75,2,1
MSVobDEFwWE,AD Kicks Off Art Basel Miami Beach with a Swinging Celebration,2015-12-03T15:34:23.000Z,https://i.ytimg.com/vi/MSVobDEFwWE/default.jpg,1094,10,0,0
YBezLfbYXXk,"AD Visits Hunt Slonem in His New 30,000-Square-Foot Brooklyn Studio",2015-11-02T23:40:39.000Z,https://i.ytimg.com/vi/YBezLfbYXXk/default.jpg,30736,277,30,30
9SJnTUPtXYQ,ADVERTISEMENT: Brizo and Architectural Digest Celebrate the 2015 September Style Issue at Jams,2015-10-13T21:00:27.000Z,https://i.ytimg.com/vi/9SJnTUPtXYQ/default.jpg,770,8,0,0
vPezUhXfnF4,"ADVERTISEMENT: Technology + Design, Coordinating for a Cause",2015-10-13T20:24:17.000Z,https://i.ytimg.com/vi/vPezUhXfnF4/default.jpg,1902,25,0,3
yKjXPYbf8Zg,Inside Caitlyn Jenner’s Redesigned Home in Malibu | Celebrity Homes | Architectural Digest,2015-09-16T20:34:18.000Z,https://i.ytimg.com/vi/yKjXPYbf8Zg/default.jpg,355217,826,271,182
kb7vOy9NIjg,Go Behind the Scenes at Ralph Pucci’s Mannequin Exhibition,2015-09-10T20:51:27.000Z,https://i.ytimg.com/vi/kb7vOy9NIjg/default.jpg,3099,26,1,0
UOFLZ8hePRk,Blake Mycoskie on the Mission Behind Toms,2015-09-08T10:00:39.000Z,https://i.ytimg.com/vi/UOFLZ8hePRk/default.jpg,11602,120,3,1
Z9Oa0FLiue8,Inside Toms Shoes Founder Blake Mycoskie's Los Angeles Home | Celebrity Homes | Architectural Digest,2015-09-08T10:00:39.000Z,https://i.ytimg.com/vi/Z9Oa0FLiue8/default.jpg,253819,1392,89,79
Kdx-qhU1WCo,"Inside the U.S. Embassy in Madrid, Spain | Architectural Digest",2015-09-08T10:00:39.000Z,https://i.ytimg.com/vi/Kdx-qhU1WCo/default.jpg,130446,1028,62,73
UMXc1UWLBs4,Nate Berkus and Jeremiah Brent Reveal What's In Their Closet | Architectural Digest,2015-09-08T10:00:38.000Z,https://i.ytimg.com/vi/UMXc1UWLBs4/default.jpg,531502,3732,138,138
rRoZhJWY0ys,Nate Berkus and Jeremiah Brent Debate How To Style Their NYC Apartment | Architectural Digest,2015-09-08T10:00:38.000Z,https://i.ytimg.com/vi/rRoZhJWY0ys/default.jpg,317322,2791,91,72
dG_1bCiY5gU,"ADVERTISEMENT: Marvin Architects Challenge 2015, Part 1",2015-08-21T16:30:39.000Z,https://i.ytimg.com/vi/dG_1bCiY5gU/default.jpg,15701,127,3,2
wp7LsC6psgc,"ADVERTISEMENT: Marvin Architects Challenge 2015, Part 2",2015-08-21T16:29:33.000Z,https://i.ytimg.com/vi/wp7LsC6psgc/default.jpg,4791,36,0,0
2p79qY5URJc,AD Celebrates Its 2015 September Style Issue at Jams in New York,2015-08-13T21:59:02.000Z,https://i.ytimg.com/vi/2p79qY5URJc/default.jpg,5890,33,1,0
baMbABv0B0c,Exclusive Sneak Peek of Ralph Lauren Home’s West Village Collection | Architectural Digest,2015-08-04T21:40:26.000Z,https://i.ytimg.com/vi/baMbABv0B0c/default.jpg,267203,1932,93,75
i0QWCb6Hfhk,See How Robert Verdi’s Passions for Fashion and Art Have Come Together,2015-08-04T21:29:44.000Z,https://i.ytimg.com/vi/i0QWCb6Hfhk/default.jpg,9466,121,12,4
UDfEAFHX5u8,2014 AD100: What It Means to Be Named to the AD100,2015-08-04T21:21:26.000Z,https://i.ytimg.com/vi/UDfEAFHX5u8/default.jpg,524,3,0,0
kbzSf1b6lXQ,AD100 CAREER ADVICE,2015-08-04T21:19:51.000Z,https://i.ytimg.com/vi/kbzSf1b6lXQ/default.jpg,895,19,0,0
KIsiyei0TkA,AD Innovators - Part 2: Materials & Transformation,2015-08-04T21:18:36.000Z,https://i.ytimg.com/vi/KIsiyei0TkA/default.jpg,638,3,0,0
UC-PedbMiqU,Alexa Hampton’s Renovation Tips,2015-08-04T21:17:43.000Z,https://i.ytimg.com/vi/UC-PedbMiqU/default.jpg,46585,363,10,6
hKFsXAkrs5w,AD Innovators - Part 1: Innovation & Inspiration,2015-08-04T21:16:38.000Z,https://i.ytimg.com/vi/hKFsXAkrs5w/default.jpg,499,3,1,0
lhsUOD63Gjc,Bronson van Wyck Shows How to Arrange Dahlias,2015-08-04T21:15:08.000Z,https://i.ytimg.com/vi/lhsUOD63Gjc/default.jpg,19177,332,5,8
fopqwtp2iSs,Mixing a Perfect Dark and Stormy,2015-08-04T21:14:15.000Z,https://i.ytimg.com/vi/fopqwtp2iSs/default.jpg,1850,16,1,1
QCtn8sLNAEw,An Interview with Event Designer Bronson van Wyck,2015-08-04T21:13:17.000Z,https://i.ytimg.com/vi/QCtn8sLNAEw/default.jpg,2595,22,2,0
YeBejPcOOY8,Bronson van Wyck on Designing AD’s Dinner Honoring the late Bunny Mellon,2015-08-04T21:13:06.000Z,https://i.ytimg.com/vi/YeBejPcOOY8/default.jpg,8859,88,0,1
6psyYYkE4jo,Margaret Russell on Creating the September 2014 Issue of Architectural Digest,2015-08-04T21:09:16.000Z,https://i.ytimg.com/vi/6psyYYkE4jo/default.jpg,5884,19,0,2
hb6WRdjK70I,AD Visits Konstantin Kakanias to Talk About his New Fabric Collection with Michael S. Smith,2015-08-04T21:08:46.000Z,https://i.ytimg.com/vi/hb6WRdjK70I/default.jpg,1244,11,0,0
teyUom7iH8w,Inside Carolina Herrera's Beverly Hills Boutique | Architectural Digest,2015-08-04T21:06:57.000Z,https://i.ytimg.com/vi/teyUom7iH8w/default.jpg,140023,932,38,18
FD2TeK3gV8k,Margaret Russell in Conversation with Peter Marino and Michael Shvo at Design Miami,2015-08-04T21:05:53.000Z,https://i.ytimg.com/vi/FD2TeK3gV8k/default.jpg,5813,25,4,1
QVC6zNCQQWA,AD100: Debut Performances,2015-08-04T21:04:37.000Z,https://i.ytimg.com/vi/QVC6zNCQQWA/default.jpg,291,5,0,0
6x9AKzfBdqQ,AD100: The Highs and Lows of a Design Career,2015-08-04T21:04:07.000Z,https://i.ytimg.com/vi/6x9AKzfBdqQ/default.jpg,376,3,0,0
Oi-WdPBZLVk,Inside AD100 Designer Jamie Drake's New Apartment in NYC | Celebrity Homes | Architectural Digest,2015-08-04T21:00:52.000Z,https://i.ytimg.com/vi/Oi-WdPBZLVk/default.jpg,419648,2672,134,79
QOmBkbOP7fY,2012 AD100 - Conversations: How did you begin your career in design?,2015-08-04T20:57:55.000Z,https://i.ytimg.com/vi/QOmBkbOP7fY/default.jpg,286,2,0,0
OA37ptaokRg,Madeline Stuart’s Inspiration for the 2013 Oscar® Greenroom,2015-08-04T20:56:54.000Z,https://i.ytimg.com/vi/OA37ptaokRg/default.jpg,1647,14,0,0
Ba4yuJgvGjw,Inside Ralph Rucci's Workshop,2015-08-04T20:49:34.000Z,https://i.ytimg.com/vi/Ba4yuJgvGjw/default.jpg,4766,72,1,1
uto0NCXZVnI,Tommy Hilfiger Gives a Tour of His Miami Fun House | Architectural Digest,2015-08-04T20:48:38.000Z,https://i.ytimg.com/vi/uto0NCXZVnI/default.jpg,1073917,7582,639,345
srDfS_Xw8YI,Inside Timothy Corrigan’s Château du Grand-Lucé | Architectural Digest,2015-08-04T20:46:34.000Z,https://i.ytimg.com/vi/srDfS_Xw8YI/default.jpg,972216,12402,362,490
qLRs4s2MJt4,Inside John Mellencamp's South Carolina Home | Celebrity Homes | Architectural Digest,2015-08-04T20:40:56.000Z,https://i.ytimg.com/vi/qLRs4s2MJt4/default.jpg,57498,171,27,16
zvp3UMvIYJk,What Inspires the 2014 AD100?,2015-08-04T20:40:32.000Z,https://i.ytimg.com/vi/zvp3UMvIYJk/default.jpg,296,3,0,0
5Geyee_agvw,"ADVERTISEMENT: Jenn-Air Master Class Series Best in Show, Architectural Digest Home Design Show 2014",2015-08-04T20:15:26.000Z,https://i.ytimg.com/vi/5Geyee_agvw/default.jpg,4502,29,2,0
UZ4Q58vZzYc,The Lincoln Reimagine Project,2015-08-04T20:00:00.000Z,https://i.ytimg.com/vi/UZ4Q58vZzYc/default.jpg,243,3,0,1
8jHpUmEga1g,Behind the Scenes of Ellen Pompeo’s AD Cover Shoot,2015-08-04T19:59:25.000Z,https://i.ytimg.com/vi/8jHpUmEga1g/default.jpg,24884,319,4,3
OxASmHchjgo,Bette Midler on Her Passion for Rebuilding Community Gardens,2015-08-04T19:56:58.000Z,https://i.ytimg.com/vi/OxASmHchjgo/default.jpg,18049,323,6,21
SDgi6Bfkrwo,"2014 Marvin Architects Challenge – Part I ""The Winning Design""",2015-08-04T19:55:26.000Z,https://i.ytimg.com/vi/SDgi6Bfkrwo/default.jpg,6372,54,0,0
Hbhfmy2JdfQ,ADVERTISEMENT: Nourison Carpet at the Architectural Digest Home Design Show,2015-08-04T19:52:18.000Z,https://i.ytimg.com/vi/Hbhfmy2JdfQ/default.jpg,488,3,1,0
KRZYvN9Hel0,Porsche Profiles in Design Duality – Bunny Lane,2015-08-04T19:49:17.000Z,https://i.ytimg.com/vi/KRZYvN9Hel0/default.jpg,21508,192,10,7
IOU7RuStrLQ,"ADVERTISEMENT: Porsche Profiles in Design Duality – Bunny Lane, Design Tour",2015-08-04T19:48:46.000Z,https://i.ytimg.com/vi/IOU7RuStrLQ/default.jpg,3647,46,2,0
Rm9sk99WeXA,"Porsche Profiles in Design Duality – Former Church, Meet the Architect",2015-08-04T19:47:22.000Z,https://i.ytimg.com/vi/Rm9sk99WeXA/default.jpg,8080,63,5,2
-GuGYGGZ6mM,Find Out What Inspires Set Designer Stefan Beckman,2015-08-04T19:47:08.000Z,https://i.ytimg.com/vi/-GuGYGGZ6mM/default.jpg,1026,20,0,0
wdpkbA9jqX4,Chefs and Designers Dish About Their Ideal Kitchens,2015-08-04T19:37:47.000Z,https://i.ytimg.com/vi/wdpkbA9jqX4/default.jpg,3180,21,3,0
2NgMnj--MFI,Jenn-Air: A Focus on Craftsmanship,2015-08-04T19:30:40.000Z,https://i.ytimg.com/vi/2NgMnj--MFI/default.jpg,599,4,0,0
yRdDKgITAfc,Jenn-Air: Everyday Luxury,2015-08-04T19:29:51.000Z,https://i.ytimg.com/vi/yRdDKgITAfc/default.jpg,619,3,0,0
jyENIfsaa2Y,Jenn-Air: Timeless Design,2015-08-04T19:29:28.000Z,https://i.ytimg.com/vi/jyENIfsaa2Y/default.jpg,512,4,0,0
gZlSs2wB6NI,Behind the Scenes at DIFFA’s Dining By Design,2015-08-04T19:25:17.000Z,https://i.ytimg.com/vi/gZlSs2wB6NI/default.jpg,615,7,1,0
2la6AhrtnQ4,Margaret Russell’s Keynote Speech at the 2015 Architectural Digest Home Design Show,2015-08-04T19:26:20.000Z,https://i.ytimg.com/vi/2la6AhrtnQ4/default.jpg,483,5,0,0
D5lY3UPRLuc,Highlights from the Architectural Digest Home Design Show,2015-08-04T19:23:35.000Z,https://i.ytimg.com/vi/D5lY3UPRLuc/default.jpg,1258,10,0,0
zA4Jp5fU924,See How the Striking Tablescapes for DIFFA’s 2015 Dining By Design Event Were Made,2015-08-04T19:19:11.000Z,https://i.ytimg.com/vi/zA4Jp5fU924/default.jpg,4678,44,1,0
RfHybpJzevc,Hal Rubenstein at the 2015 Architectural Digest Home Design Show,2015-08-04T19:18:12.000Z,https://i.ytimg.com/vi/RfHybpJzevc/default.jpg,3828,24,1,0
WlCk9lIZo7o,"Digital Wave Study, 2015",2015-08-04T19:00:29.000Z,https://i.ytimg.com/vi/WlCk9lIZo7o/default.jpg,554,8,0,0
XM9-y6_XkA8,Inside Christopher Spitzmiller’s Hudson Valley Farmhouse | Architectural Digest,2015-08-04T18:57:51.000Z,https://i.ytimg.com/vi/XM9-y6_XkA8/default.jpg,73169,591,9,20
eJRvijqL8S4,Brian Sawyer’s Video Diary of the English Countryside,2015-08-04T18:22:11.000Z,https://i.ytimg.com/vi/eJRvijqL8S4/default.jpg,9536,93,0,0
87XWHgl8AmA,Miu Miu Club,2015-08-04T18:20:13.000Z,https://i.ytimg.com/vi/87XWHgl8AmA/default.jpg,658,6,0,1
87Bl-tdnCrs,David Rockwell’s Design for the 2014 Architectural Digest Greenroom at the Oscars®,2015-08-04T18:17:31.000Z,https://i.ytimg.com/vi/87Bl-tdnCrs/default.jpg,15476,76,1,3
6VP1SwozzUI,From Dream to Kitchen - Part 2,2015-05-20T22:07:20.000Z,https://i.ytimg.com/vi/6VP1SwozzUI/default.jpg,3982,19,2,0
qbL9ZPiwDYY,From Dream to Kitchen - Part 1,2015-05-20T22:07:15.000Z,https://i.ytimg.com/vi/qbL9ZPiwDYY/default.jpg,2979,22,4,1
RC7qqbIYkqk,"AD Visits: Havana, Cuba",2015-04-13T14:54:20.000Z,https://i.ytimg.com/vi/RC7qqbIYkqk/default.jpg,21986,234,4,13
MFemKK4OmBA,Jenn-Air: Principles of Lighting in the Kitchen,2015-03-12T17:20:38.000Z,https://i.ytimg.com/vi/MFemKK4OmBA/default.jpg,1553,6,2,0
vfL8O4KCNEM,Behind the Scenes of the 2015 Architectural Digest Oscar® Greenroom,2015-02-21T14:22:14.000Z,https://i.ytimg.com/vi/vfL8O4KCNEM/default.jpg,19570,106,9,1
8wwON2ll1p0,Inside Neil Patrick Harris's Home That Has a Secret Magic Office | Architectural Digest,2015-02-03T19:03:37.000Z,https://i.ytimg.com/vi/8wwON2ll1p0/default.jpg,1951598,14703,808,834
0XGUOzPWasA,Neil Patrick Harris on Hosting the Oscars®,2015-02-03T19:01:31.000Z,https://i.ytimg.com/vi/0XGUOzPWasA/default.jpg,14540,53,1,1
R-LeFMXfFUw,Inside John Legend and Chrissy Teigen’s NYC Home | Architectural Digest,2015-01-07T14:51:08.000Z,https://i.ytimg.com/vi/R-LeFMXfFUw/default.jpg,4147741,25659,1126,656
Lww2m4HH-OM,Jenn-Air Presents Westedge 2014: Best in Show,2014-12-22T17:34:58.000Z,https://i.ytimg.com/vi/Lww2m4HH-OM/default.jpg,2009,18,0,1
uJukW1sFTP0,Shell – The Power of Potential,2014-12-15T16:44:45.000Z,https://i.ytimg.com/vi/uJukW1sFTP0/default.jpg,895,18,1,0
zcrsQfZnvPk,Shell – The Power of Community,2014-12-15T16:40:09.000Z,https://i.ytimg.com/vi/zcrsQfZnvPk/default.jpg,735,9,0,1
zW0apUZAf9g,Shell – The Power of Innovation,2014-12-15T16:33:09.000Z,https://i.ytimg.com/vi/zW0apUZAf9g/default.jpg,2568,34,1,0
aNEdFoFeACI,Nest Presents: MAKING A HOUSE A HOME,2014-11-06T15:35:42.000Z,https://i.ytimg.com/vi/aNEdFoFeACI/default.jpg,4768,13,6,0
PGpU0TsW_5M,Ellen Pompeo Gives a House Tour of Her Home With Martyn Lawrence Bullard | Architectural Digest,2014-10-29T16:00:00.000Z,https://i.ytimg.com/vi/PGpU0TsW_5M/default.jpg,4397026,43928,762,710
zneQkfVlJP0,Nest Presents: MAKING A HOUSE A HOME,2014-10-29T15:36:06.000Z,https://i.ytimg.com/vi/zneQkfVlJP0/default.jpg,5481,27,1,0
Z0rM-eyNiDU,Inside Patrick Dempsey's Malibu Home Designed by Frank Gehry | Architectural Digest,2014-10-29T15:35:55.000Z,https://i.ytimg.com/vi/Z0rM-eyNiDU/default.jpg,3980406,45447,719,1040
87T-tLQzeUI,ADVERTISEMENT: GE Monogram: A Conversation on Craftsmanship,2014-06-30T14:15:38.000Z,https://i.ytimg.com/vi/87T-tLQzeUI/default.jpg,2075,9,0,0
A0dAl8MRwJU,"ADVERTISEMENT: Brizo, Judd Lord ""Travel + Inspiration: The Virage Collection""",2013-12-10T16:29:54.000Z,https://i.ytimg.com/vi/A0dAl8MRwJU/default.jpg,1580,6,0,0
9Ruzwr3nlNY,"ADVERTISEMENT: Brizo, John Finton ""Travel + Inspiration: Design with Meaning""",2013-12-10T16:30:19.000Z,https://i.ytimg.com/vi/9Ruzwr3nlNY/default.jpg,1447,9,0,0
P54P8tY_UkE,Promotion: Finding Inspiration: Travel & Design,2013-11-22T19:58:18.000Z,https://i.ytimg.com/vi/P54P8tY_UkE/default.jpg,4670,41,2,0
mfZtyZJWbP0,Promotion: Behind the Scenes with the Best in Show Winner of the Marvin,2013-09-20T18:40:16.000Z,https://i.ytimg.com/vi/mfZtyZJWbP0/default.jpg,8865,65,1,0
0f4LhcrrNK0,Promotion: Best in Show Winner of the Marvin Architect's Challenge,2013-09-04T21:26:28.000Z,https://i.ytimg.com/vi/0f4LhcrrNK0/default.jpg,12578,103,2,2
hiIogj3JSBc,The Sky Deck at Delta Sky Club - Part 4: The Reveal,2013-08-05T14:46:10.000Z,https://i.ytimg.com/vi/hiIogj3JSBc/default.jpg,8524,35,1,2
dduz8OKkXcE,Promotion: GE Monogram Opens Design Center in Chicago,2013-07-18T22:25:54.000Z,https://i.ytimg.com/vi/dduz8OKkXcE/default.jpg,2481,16,1,0
P8OV4ohqzDo,Promotion: The Cultural Wonders of Ottawa,2013-07-11T17:33:54.000Z,https://i.ytimg.com/vi/P8OV4ohqzDo/default.jpg,1785,14,0,0
mHGns4uyC94,Promotion: Design Destinations of Ontario,2013-07-11T17:34:10.000Z,https://i.ytimg.com/vi/mHGns4uyC94/default.jpg,2103,9,2,0
qRSGonn6tgM,Aerin Lauder's Debut Home Collection,2015-08-04T21:17:32.000Z,https://i.ytimg.com/vi/qRSGonn6tgM/default.jpg,48675,334,9,13
59g3V1tLN5o,Master Class Series: Architectural Digest Home Design Show Best in Show: Authenticity in Design,2013-07-09T13:21:38.000Z,https://i.ytimg.com/vi/59g3V1tLN5o/default.jpg,3166,14,1,0
HBcJ6nPVpwo,Master Class Series: Architectural Digest Home Design Show Best in Show: Modern Meets Classic,2013-07-09T13:21:34.000Z,https://i.ytimg.com/vi/HBcJ6nPVpwo/default.jpg,13386,44,0,3
TsaFNEhq1yk,Master Class Series: Architectural Digest Home Design Show Taste & Technology Panel,2013-07-09T13:21:26.000Z,https://i.ytimg.com/vi/TsaFNEhq1yk/default.jpg,1036,14,1,0
7qPV-mYyLSU,Master Class Series: Architectural Digest Home Design Show The New York Times Panel: Color & Texture,2013-07-09T13:21:17.000Z,https://i.ytimg.com/vi/7qPV-mYyLSU/default.jpg,36009,185,13,2
gBijl-gLKbw,Master Class Series: Architectural Digest Home Design Show The New Casual Luxury Panel,2013-07-09T13:21:11.000Z,https://i.ytimg.com/vi/gBijl-gLKbw/default.jpg,1777,16,2,0
bP6Ke_7rM2c,Promotion: The Vibrant City of Toronto,2013-07-08T22:08:54.000Z,https://i.ytimg.com/vi/bP6Ke_7rM2c/default.jpg,12100,67,4,5
4e2BuyyQvLM,Summer Entertaining Ideas from Bronson van Wyck,2013-07-09T13:32:26.000Z,https://i.ytimg.com/vi/4e2BuyyQvLM/default.jpg,8974,38,3,4
ycRfljAqVl0,Ralph Rucci's Debut Furniture Collection,2013-07-09T13:30:24.000Z,https://i.ytimg.com/vi/ycRfljAqVl0/default.jpg,5584,41,0,2
eA5shEdJfEg,Katia and Marielle Labèque on Their Love of Italian Design,2013-07-09T13:29:10.000Z,https://i.ytimg.com/vi/eA5shEdJfEg/default.jpg,16574,145,3,8
IndOeoGVkpU,Inside John Legend and Chrissy Teigen’s Los Angeles Home | Celebrity Homes | Architectural Digest,2013-07-09T13:27:21.000Z,https://i.ytimg.com/vi/IndOeoGVkpU/default.jpg,1142469,6164,160,99
hG0VW3BOP5Y,Architect Richard Meier reflects on his firm's illustrious 50-year history,2013-07-09T13:25:34.000Z,https://i.ytimg.com/vi/hG0VW3BOP5Y/default.jpg,29722,291,7,13
fRpJictgIWQ,Decorator Vicente Wolf's Design Process,2013-07-09T13:24:12.000Z,https://i.ytimg.com/vi/fRpJictgIWQ/default.jpg,13458,106,1,9
ZcBunuEkQkI,Promotion: GE Monogram® Headlines the AD Oasis During Art Basel Miami Beach,2013-05-07T15:58:53.000Z,https://i.ytimg.com/vi/ZcBunuEkQkI/default.jpg,814,6,1,1
Xz6AcTqSmcg,Promotion: GE Monogram® Beverage Center,2013-05-07T15:58:47.000Z,https://i.ytimg.com/vi/Xz6AcTqSmcg/default.jpg,991,7,0,1
d0KK_qDZWXo,Promotion: GE Monogram® Fully Integrated Glass-Door Refrigerator,2013-05-07T15:58:43.000Z,https://i.ytimg.com/vi/d0KK_qDZWXo/default.jpg,6003,21,3,1
7SmhQcpDGLI,"Promotion: GE Monogram® 36"" Induction Cooktop",2013-05-07T15:58:38.000Z,https://i.ytimg.com/vi/7SmhQcpDGLI/default.jpg,3921,10,1,1
TsqR7HA0Vpc,Inside Project Runway Judge Nina Garcia’s Manhattan Apartment | Celebrity Homes | Arch Digest,2013-02-13T18:29:59.000Z,https://i.ytimg.com/vi/TsqR7HA0Vpc/default.jpg,467697,2118,124,104
rA-YUZXlyC4,Nate Berkus Discusses His Approach to Interiors | Interior Design | Architectural Digest,2013-02-01T01:12:32.000Z,https://i.ytimg.com/vi/rA-YUZXlyC4/default.jpg,57237,347,6,17
jvsxoHOQtzw,The Sky Deck at Delta Sky Club - Part 3: Fixtures & Furnishings,2013-01-17T23:23:20.000Z,https://i.ytimg.com/vi/jvsxoHOQtzw/default.jpg,1556,8,0,0
r-V71As2FIU,Nate Berkus on Living in New York and Chicago,2013-01-11T21:23:40.000Z,https://i.ytimg.com/vi/r-V71As2FIU/default.jpg,30192,172,25,22
Mgig8iUXjvg,Inside the 2012 Oscars® Greenroom,2012-11-21T18:36:21.000Z,https://i.ytimg.com/vi/Mgig8iUXjvg/default.jpg,1073,-99,-99,-99
70fCZ2ZbgX0,Inside the 2011 Oscars® Greenroom,2012-11-21T18:32:51.000Z,https://i.ytimg.com/vi/70fCZ2ZbgX0/default.jpg,1130,-99,-99,-99
tblyr5qdETY,AD Innovators - Part 3: Design Revolution,2012-11-21T18:28:27.000Z,https://i.ytimg.com/vi/tblyr5qdETY/default.jpg,293,-99,-99,-99
ItEsaEmkmRk,Inside the 2009 Oscars® Greenroom,2012-11-21T17:43:23.000Z,https://i.ytimg.com/vi/ItEsaEmkmRk/default.jpg,932,-99,-99,-99
6pOnJh7XlO0,Nate Berkus Renovates His Dream Home in NYC | Celebrity Homes | Architectural Digest,2012-11-12T15:35:41.000Z,https://i.ytimg.com/vi/6pOnJh7XlO0/default.jpg,482525,2829,91,68
XJk3StA0kog,ADVERTISEMENT: Initial Designs Revealed for the Sky Deck at Delta Sky Club,2012-11-12T15:08:56.000Z,https://i.ytimg.com/vi/XJk3StA0kog/default.jpg,2356,10,0,1
yXhh98tO_uM,Johns Hopkins Hospital's Artful New Building,2012-11-09T18:06:33.000Z,https://i.ytimg.com/vi/yXhh98tO_uM/default.jpg,2740,9,0,2
pQhdQo_DtM4,Promotion: Trends Affecting Urban Planning,2012-11-09T18:01:39.000Z,https://i.ytimg.com/vi/pQhdQo_DtM4/default.jpg,2846,25,0,1
BpiplmjWFgI,ADVERTISEMENT: Delta’s Sky Deck Lead Designer Thom Filicia,2012-10-22T20:18:25.000Z,https://i.ytimg.com/vi/BpiplmjWFgI/default.jpg,4925,20,0,1
HW50E_Zxd2c,Home of the Brave: FDNY’s Marine Company 1 Firehouse,2012-06-20T21:36:23.000Z,https://i.ytimg.com/vi/HW50E_Zxd2c/default.jpg,34752,242,9,17
dn1EBSQkxTw,2012 AD100: How Do You Know When a Project Is Complete?,2012-06-20T21:24:38.000Z,https://i.ytimg.com/vi/dn1EBSQkxTw/default.jpg,1842,15,0,1
5qCw8TjtejU,2012 AD100: What Is Your Style?,2012-06-20T21:16:12.000Z,https://i.ytimg.com/vi/5qCw8TjtejU/default.jpg,1472,11,0,1
4w39Ggk0mH0,2012 AD100: How Do Your Clients Influence Your Work?,2012-06-20T21:12:35.000Z,https://i.ytimg.com/vi/4w39Ggk0mH0/default.jpg,1008,5,0,0
lYfiSLyBlDI,2012 AD100: How Do You Begin a Project?,2012-06-20T21:11:37.000Z,https://i.ytimg.com/vi/lYfiSLyBlDI/default.jpg,1089,7,0,0
YJgnWMn_FfM,2012 AD100: When Do You Say Yes to a Project?,2012-06-20T21:09:41.000Z,https://i.ytimg.com/vi/YJgnWMn_FfM/default.jpg,1463,11,0,1
hSDvl5OPGrw,2012 AD100 – Part 2: The Party,2012-06-18T15:23:38.000Z,https://i.ytimg.com/vi/hSDvl5OPGrw/default.jpg,1498,9,0,1
pdtpHFWHtqE,2012 AD100 – Part 1: The Preparations,2012-02-16T20:20:50.000Z,https://i.ytimg.com/vi/pdtpHFWHtqE/default.jpg,2192,13,1,2
SOtTXBIHGRM,The Architectural Digest Greenroom at the 2010 Oscars®,2010-11-01T15:36:32.000Z,https://i.ytimg.com/vi/SOtTXBIHGRM/default.jpg,2746,24,5,6
O1_TTHWci3Q,Incoming Editor-in-Chief Margaret Russell on the Oval Office makeover,2010-09-01T16:26:11.000Z,https://i.ytimg.com/vi/O1_TTHWci3Q/default.jpg,7277,26,3,14
